{
    "RepetitionTime": 3.65, 
    "EchoTime": 0.08070000000000001, 
    "EffectiveEchoSpacing": 0.000752
}
