{
    "RepetitionTime": 0.005224, 
    "EchoTime": 0.00164
}
