{
    "EchoTime": 0.03,
    "EffectiveEchoSpacing": 0.000612,
    "NumberOfVolumesDiscardedByScanner": 8,
    "PhaseEncodingDirection": "j",
    "PixelBandwidth": 5,
    "ReconMatrixPE": 100,
    "RepetitionTime": 1.25,
    "SliceTiming": [
        0.0,
        0.625,
        0.078125,
        0.703125,
        0.15625,
        0.78125,
        0.234375,
        0.859375,
        0.3125,
        0.9375,
        0.390625,
        1.015625,
        0.46875,
        1.09375,
        0.546875,
        1.171875,
        0.0,
        0.625,
        0.078125,
        0.703125,
        0.15625,
        0.78125,
        0.234375,
        0.859375,
        0.3125,
        0.9375,
        0.390625,
        1.015625,
        0.46875,
        1.09375,
        0.546875,
        1.171875,
        0.0,
        0.625,
        0.078125,
        0.703125,
        0.15625,
        0.78125,
        0.234375,
        0.859375,
        0.3125,
        0.9375,
        0.390625,
        1.015625,
        0.46875,
        1.09375,
        0.546875,
        1.171875,
        0.0,
        0.625,
        0.078125,
        0.703125,
        0.15625,
        0.78125,
        0.234375,
        0.859375,
        0.3125,
        0.9375,
        0.390625,
        1.015625,
        0.46875,
        1.09375,
        0.546875,
        1.171875
    ],
    "TaskName": "rest",
    "TotalReadoutTime": 0.060588
}