{
  "acquisition_matrix": [
    100, 
    100
  ], 
  "acquisition_number": 1, 
  "bidsinfo": {
    "EchoTime": 0.03, 
    "EffectiveEchoSpacing": 0.000612, 
    "NumberOfVolumesDiscardedByScanner": 0, 
    "PhaseEncodingDirection": "j", 
    "PixelBandwidth": 5, 
    "ReconMatrixPE": 100, 
    "RepetitionTime": 6, 
    "SliceTiming": [
      0.0, 
      3.0, 
      0.09375, 
      3.09375, 
      0.1875, 
      3.1875, 
      0.28125, 
      3.28125, 
      0.375, 
      3.375, 
      0.46875, 
      3.46875, 
      0.5625, 
      3.5625, 
      0.65625, 
      3.65625, 
      0.75, 
      3.75, 
      0.84375, 
      3.84375, 
      0.9375, 
      3.9375, 
      1.03125, 
      4.03125, 
      1.125, 
      4.125, 
      1.21875, 
      4.21875, 
      1.3125, 
      4.3125, 
      1.40625, 
      4.40625, 
      1.5, 
      4.5, 
      1.59375, 
      4.59375, 
      1.6875, 
      4.6875, 
      1.78125, 
      4.78125, 
      1.875, 
      4.875, 
      1.96875, 
      4.96875, 
      2.0625, 
      5.0625, 
      2.15625, 
      5.15625, 
      2.25, 
      5.25, 
      2.34375, 
      5.34375, 
      2.4375, 
      5.4375, 
      2.53125, 
      5.53125, 
      2.625, 
      5.625, 
      2.71875, 
      5.71875, 
      2.8125, 
      5.8125, 
      2.90625, 
      5.90625
    ], 
    "TaskName": "task-restrun-1sbref", 
    "TotalReadoutTime": 0.060588
  }, 
  "effective_echo_spacing": 0.000612, 
  "exam_datetime": "20221018 112300", 
  "exam_number": 26079, 
  "flip_angle": 90, 
  "fov": [
    220, 
    220
  ], 
  "mecho_times": [
    30000
  ], 
  "mt_offset_hz": 0, 
  "mux_cal_duration": 12.0, 
  "mux_cal_file": "", 
  "mux_cal_type": "internal", 
  "num_acquired_timepoints": 4, 
  "num_bands": 1, 
  "num_echos": 1, 
  "num_mux_cal_cycle": 2, 
  "num_mux_cal_timepoints": 2, 
  "num_mux_cal_volumes_in_nifti": 2, 
  "num_muxed_slices": 64, 
  "num_receivers": 44, 
  "num_slices": 64, 
  "num_usable_volumes_in_nifti": 2, 
  "num_volumes_in_nifti": 4, 
  "operator": "sjshim", 
  "partial_ky": 0.92, 
  "patient_id": "ANON26079", 
  "phase_encode_direction": 1, 
  "phase_encode_polarity": 0, 
  "phase_encode_undersample": 1, 
  "pixel_bandwidth": 250, 
  "protocol_name": "7.31.21_uh2_aim4_mux4New", 
  "psd_name": "muxarcepi", 
  "receive_coil_name": "48HAP", 
  "recon_method": "'1Dgrappa'", 
  "recon_num_virtual_coils": 16, 
  "recon_time": "2022-10-18 18:38:08.328392", 
  "recon_use_GPU": "0", 
  "recon_version": "f8d59c1", 
  "scanner_name": "CNIMRI", 
  "series_description": "task-rest_run-1_sbref", 
  "series_number": 4, 
  "slice_timing": [
    0.0, 
    3.0, 
    0.09375, 
    3.09375, 
    0.1875, 
    3.1875, 
    0.28125, 
    3.28125, 
    0.375, 
    3.375, 
    0.46875, 
    3.46875, 
    0.5625, 
    3.5625, 
    0.65625, 
    3.65625, 
    0.75, 
    3.75, 
    0.84375, 
    3.84375, 
    0.9375, 
    3.9375, 
    1.03125, 
    4.03125, 
    1.125, 
    4.125, 
    1.21875, 
    4.21875, 
    1.3125, 
    4.3125, 
    1.40625, 
    4.40625, 
    1.5, 
    4.5, 
    1.59375, 
    4.59375, 
    1.6875, 
    4.6875, 
    1.78125, 
    4.78125, 
    1.875, 
    4.875, 
    1.96875, 
    4.96875, 
    2.0625, 
    5.0625, 
    2.15625, 
    5.15625, 
    2.25, 
    5.25, 
    2.34375, 
    5.34375, 
    2.4375, 
    5.4375, 
    2.53125, 
    5.53125, 
    2.625, 
    5.625, 
    2.71875, 
    5.71875, 
    2.8125, 
    5.8125, 
    2.90625, 
    5.90625
  ], 
  "te": 0.03, 
  "ti": 0, 
  "tr": 6
}